{
  "longest_edge_angle": 150.78413650400705,
  "target_angle": 180,
  "rotation_angle": 29.21586349599295,
  "rotation_center": [
    555801.9012800026,
    4806158.297316807
  ],
  "orientation": "Vertical (South)",
  "grid_alignment": true
}