{
  "longest_edge_angle": 75.90561186017948,
  "target_angle": 90,
  "rotation_angle": 14.094388139820524,
  "rotation_center": [
    555525.2944589057,
    4806748.958783473
  ],
  "orientation": "Horizontal (East)",
  "grid_alignment": true
}